{
    "rmse": 0.7545709865495911,
    "mae": 0.5944096598275052,
    "r2": 0.21868643985979574
}