{
    "rmse": 0.7443388896482906,
    "mae": 0.5912769678814065,
    "r2": 0.11036829891557898
}